"empno","firstname","lastname","password","orgnum","title"
"001","ありす","安藤","qwe123","1200","部長"
"002","蛍","佐島","qwe123","1210","課長"
"003","加奈","工藤","qwe123","1210","係長"
"004","大吾","伊達","qwe123","1210","一般社員"
"005","絵里","江藤","qwe123","1210","一般社員"
"006","文之","本田","qwe123","1210","一般社員"
"007","譲二","三上","qwe123","1220","課長"
"008","隼人","羽田","qwe123","1220","係長"
"009","郁美","井上","qwe123","1220","一般社員"
"010","次郎","城","qwe123","1220","一般社員"
"011","恵子","能登","qwe123","1300","部長"
"012","里香","輪島","qwe123","1310","課長"
"013","大樹","森","qwe123","1310","係長"
"014","昇","二宮","qwe123","1310","係長"
"015","修","尾上","qwe123","1310","一般社員"
"016","博","比嘉","qwe123","1310","一般社員"
"017","クリス","城島","qwe123","1310","一般社員"
"018","塁","横山","qwe123","1320","課長"
"019","園子","清水","qwe123","1320","係長"
"020","斗真","鶴瓶","qwe123","1320","係長"
"021","悠馬","岡部","qwe123","1320","一般社員"
"022","菫","広瀬","qwe123","1320","一般社員"
"023","英輔","渡辺","qwe123","1320","一般社員"
"024","みりあ","柳田","qwe123","1320","一般社員"
"025","康子","吉田","qwe123","1320","一般社員"
"026","善","神田","qwe123","1320","一般社員"
